TimeStamp,SPX
2017-08-07 02:00:00,2480.91
2017-08-08 02:00:00,2474.92
2017-08-09 02:00:00,2474.02
2017-08-10 02:00:00,2438.21
2017-08-11 02:00:00,2441.32
2017-08-14 02:00:00,2465.84
2017-08-15 02:00:00,2464.61
2017-08-16 02:00:00,2468.11
2017-08-17 02:00:00,2430.01
2017-08-18 02:00:00,2425.55
2017-08-21 02:00:00,2428.37
2017-08-22 02:00:00,2452.51
2017-08-23 02:00:00,2444.04
2017-08-24 02:00:00,2438.97
2017-08-25 02:00:00,2443.05
2017-08-28 02:00:00,2444.24
2017-08-29 02:00:00,2446.3
2017-08-30 02:00:00,2457.59
2017-08-31 02:00:00,2471.65
2017-09-01 02:00:00,2476.55
2017-09-04 02:00:00,2476.55
2017-09-05 02:00:00,2457.85
2017-09-06 02:00:00,2465.54
2017-09-07 02:00:00,2465.1
2017-09-08 02:00:00,2461.43
2017-09-11 02:00:00,2488.11
2017-09-12 02:00:00,2496.48
2017-09-13 02:00:00,2498.37
2017-09-14 02:00:00,2495.62
2017-09-15 02:00:00,2500.23
2017-09-18 02:00:00,2503.87
2017-09-19 02:00:00,2506.65
2017-09-20 02:00:00,2508.24
2017-09-21 02:00:00,2500.6
2017-09-22 02:00:00,2502.22
2017-09-25 02:00:00,2496.66
2017-09-26 02:00:00,2496.84
2017-09-27 02:00:00,2507.04
2017-09-28 02:00:00,2510.06
2017-09-29 02:00:00,2519.36
2017-10-02 02:00:00,2529.12
2017-10-03 02:00:00,2534.58
2017-10-04 02:00:00,2537.74
2017-10-05 02:00:00,2552.07
2017-10-06 02:00:00,2549.33
2017-10-09 02:00:00,2544.73
2017-10-10 02:00:00,2550.64
2017-10-11 02:00:00,2555.24
2017-10-12 02:00:00,2550.93
2017-10-13 02:00:00,2553.17
2017-10-16 02:00:00,2557.64
2017-10-17 02:00:00,2559.36
2017-10-18 02:00:00,2561.26
2017-10-19 02:00:00,2562.1
2017-10-20 02:00:00,2575.21
2017-10-23 02:00:00,2564.98
2017-10-24 02:00:00,2569.13
2017-10-25 02:00:00,2557.15
2017-10-26 02:00:00,2560.4
2017-10-27 02:00:00,2581.07
2017-10-30 01:00:00,2572.83
2017-10-31 01:00:00,2575.26
2017-11-01 01:00:00,2579.36
2017-11-02 01:00:00,2579.85
2017-11-03 01:00:00,2587.84
2017-11-06 01:00:00,2591.13
2017-11-07 01:00:00,2590.64
2017-11-08 01:00:00,2594.38
2017-11-09 01:00:00,2584.62
2017-11-10 01:00:00,2582.3
2017-11-13 01:00:00,2584.84
2017-11-14 01:00:00,2578.87
2017-11-15 01:00:00,2564.62
2017-11-16 01:00:00,2585.64
2017-11-17 01:00:00,2578.85
2017-11-20 01:00:00,2582.14
2017-11-21 01:00:00,2599.03
2017-11-22 01:00:00,2597.08
2017-11-23 01:00:00,2597.08
2017-11-24 01:00:00,2602.42
2017-11-27 01:00:00,2601.42
2017-11-28 01:00:00,2627.04
2017-11-29 01:00:00,2626.07
2017-11-30 01:00:00,2647.58
2017-12-01 01:00:00,2642.22
2017-12-04 01:00:00,2639.44
2017-12-05 01:00:00,2629.57
2017-12-06 01:00:00,2629.27
2017-12-07 01:00:00,2636.98
2017-12-08 01:00:00,2651.5
2017-12-11 01:00:00,2659.99
2017-12-12 01:00:00,2664.11
2017-12-13 01:00:00,2662.85
2017-12-14 01:00:00,2652.01
2017-12-15 01:00:00,2675.81
2017-12-18 01:00:00,2690.16
2017-12-19 01:00:00,2681.47
2017-12-20 01:00:00,2679.25
2017-12-21 01:00:00,2684.57
2017-12-22 01:00:00,2683.34
2017-12-25 01:00:00,2683.34
2017-12-26 01:00:00,2680.5
2017-12-27 01:00:00,2682.62
2017-12-28 01:00:00,2687.54
2017-12-29 01:00:00,2673.61
2018-01-01 01:00:00,2673.61
2018-01-02 01:00:00,2695.81
2018-01-03 01:00:00,2713.06
2018-01-04 01:00:00,2723.99
2018-01-05 01:00:00,2743.15
2018-01-08 01:00:00,2747.71
2018-01-09 01:00:00,2751.29
2018-01-10 01:00:00,2748.23
2018-01-11 01:00:00,2767.56
2018-01-12 01:00:00,2786.24
2018-01-15 01:00:00,2786.24
2018-01-16 01:00:00,2776.42
2018-01-17 01:00:00,2802.56
2018-01-18 01:00:00,2798.03
2018-01-19 01:00:00,2810.3
2018-01-22 01:00:00,2832.97
2018-01-23 01:00:00,2839.13
2018-01-24 01:00:00,2837.54
2018-01-25 01:00:00,2839.25
2018-01-26 01:00:00,2872.87
2018-01-29 01:00:00,2853.53
2018-01-30 01:00:00,2822.43
2018-01-31 01:00:00,2823.81
2018-02-01 01:00:00,2821.98
2018-02-02 01:00:00,2762.13
2018-02-05 01:00:00,2648.94
2018-02-06 01:00:00,2695.14
2018-02-07 01:00:00,2681.66
2018-02-08 01:00:00,2581.0
2018-02-09 01:00:00,2619.55
2018-02-12 01:00:00,2656.0
2018-02-13 01:00:00,2662.94
2018-02-14 01:00:00,2698.63
2018-02-15 01:00:00,2731.2
2018-02-16 01:00:00,2732.22
2018-02-19 01:00:00,2732.22
2018-02-20 01:00:00,2716.26
2018-02-21 01:00:00,2701.33
2018-02-22 01:00:00,2703.96
2018-02-23 01:00:00,2747.3
2018-02-26 01:00:00,2779.6
2018-02-27 01:00:00,2744.28
2018-02-28 01:00:00,2713.83
2018-03-01 01:00:00,2677.67
2018-03-02 01:00:00,2691.25
2018-03-05 01:00:00,2720.94
2018-03-06 01:00:00,2728.12
2018-03-07 01:00:00,2726.8
2018-03-08 01:00:00,2738.97
2018-03-09 01:00:00,2786.57
2018-03-12 01:00:00,2783.02
2018-03-13 01:00:00,2765.31
2018-03-14 01:00:00,2749.48
2018-03-15 01:00:00,2747.33
2018-03-16 01:00:00,2752.01
2018-03-19 01:00:00,2712.92
2018-03-20 01:00:00,2716.94
2018-03-21 01:00:00,2711.93
2018-03-22 01:00:00,2643.69
2018-03-23 01:00:00,2588.26
2018-03-26 02:00:00,2658.55
2018-03-27 02:00:00,2612.62
2018-03-28 02:00:00,2605.0
2018-03-29 02:00:00,2640.87
2018-03-30 02:00:00,2640.87
2018-04-02 02:00:00,2581.88
2018-04-03 02:00:00,2614.45
2018-04-04 02:00:00,2644.69
2018-04-05 02:00:00,2662.84
2018-04-06 02:00:00,2604.47
2018-04-09 02:00:00,2613.16
2018-04-10 02:00:00,2656.87
2018-04-11 02:00:00,2642.19
2018-04-12 02:00:00,2663.99
2018-04-13 02:00:00,2656.3
2018-04-16 02:00:00,2677.84
2018-04-17 02:00:00,2706.39
2018-04-18 02:00:00,2708.64
2018-04-19 02:00:00,2693.13
2018-04-20 02:00:00,2670.14
2018-04-23 02:00:00,2670.29
2018-04-24 02:00:00,2634.56
2018-04-25 02:00:00,2639.4
2018-04-26 02:00:00,2666.94
2018-04-27 02:00:00,2669.91
2018-04-30 02:00:00,2648.05
2018-05-01 02:00:00,2654.8
2018-05-02 02:00:00,2635.67
2018-05-03 02:00:00,2629.73
2018-05-04 02:00:00,2663.42
2018-05-07 02:00:00,2672.63
2018-05-08 02:00:00,2671.92
2018-05-09 02:00:00,2697.79
2018-05-10 02:00:00,2723.07
2018-05-11 02:00:00,2727.72
2018-05-14 02:00:00,2730.13
2018-05-15 02:00:00,2711.45
2018-05-16 02:00:00,2722.46
2018-05-17 02:00:00,2720.13
2018-05-18 02:00:00,2712.97
2018-05-21 02:00:00,2733.01
2018-05-22 02:00:00,2724.44
2018-05-23 02:00:00,2733.29
2018-05-24 02:00:00,2727.76
2018-05-25 02:00:00,2721.33
2018-05-28 02:00:00,2721.33
2018-05-29 02:00:00,2689.86
2018-05-30 02:00:00,2724.01
2018-05-31 02:00:00,2705.27
2018-06-01 02:00:00,2734.62
2018-06-04 02:00:00,2746.87
2018-06-05 02:00:00,2748.8
2018-06-06 02:00:00,2772.35
2018-06-07 02:00:00,2770.37
2018-06-08 02:00:00,2779.03
2018-06-11 02:00:00,2782.0
2018-06-12 02:00:00,2786.85
2018-06-13 02:00:00,2775.63
2018-06-14 02:00:00,2782.49
2018-06-15 02:00:00,2779.66
2018-06-18 02:00:00,2773.75
2018-06-19 02:00:00,2762.59
2018-06-20 02:00:00,2767.32
2018-06-21 02:00:00,2749.76
2018-06-22 02:00:00,2754.88
2018-06-25 02:00:00,2717.07
2018-06-26 02:00:00,2723.06
2018-06-27 02:00:00,2699.63
2018-06-28 02:00:00,2716.31
2018-06-29 02:00:00,2718.37
2018-07-02 02:00:00,2726.71
2018-07-03 02:00:00,2713.22
2018-07-04 02:00:00,2713.22
2018-07-05 02:00:00,2736.61
2018-07-06 02:00:00,2759.82
2018-07-09 02:00:00,2784.17
2018-07-10 02:00:00,2793.84
2018-07-11 02:00:00,2774.02
2018-07-12 02:00:00,2798.29
2018-07-13 02:00:00,2801.31
2018-07-16 02:00:00,2798.43
2018-07-17 02:00:00,2809.55
2018-07-18 02:00:00,2815.62
2018-07-19 02:00:00,2804.49
2018-07-20 02:00:00,2801.83
2018-07-23 02:00:00,2806.98
2018-07-24 02:00:00,2820.4
2018-07-25 02:00:00,2846.07
2018-07-26 02:00:00,2837.44
2018-07-27 02:00:00,2818.82
2018-07-30 02:00:00,2802.6
2018-07-31 02:00:00,2816.29
2018-08-01 02:00:00,2813.36
2018-08-02 02:00:00,2827.22
2018-08-03 02:00:00,2840.35
2018-08-06 02:00:00,2850.4
2018-08-07 02:00:00,2858.45
2018-08-08 02:00:00,2857.7
2018-08-09 02:00:00,2853.58
2018-08-10 02:00:00,2833.28
2018-08-13 02:00:00,2821.93
2018-08-14 02:00:00,2839.96
2018-08-15 02:00:00,2818.37
2018-08-16 02:00:00,2840.69
2018-08-17 02:00:00,2850.13
2018-08-20 02:00:00,2857.05
2018-08-21 02:00:00,2862.96
2018-08-22 02:00:00,2861.82
2018-08-23 02:00:00,2856.98
2018-08-24 02:00:00,2874.69
2018-08-27 02:00:00,2896.74
2018-08-28 02:00:00,2897.52
2018-08-29 02:00:00,2914.04
2018-08-30 02:00:00,2901.13
2018-08-31 02:00:00,2901.52
2018-09-03 02:00:00,2901.52
2018-09-04 02:00:00,2896.72
2018-09-05 02:00:00,2888.6
2018-09-06 02:00:00,2878.05
2018-09-07 02:00:00,2871.68
2018-09-10 02:00:00,2877.13
2018-09-11 02:00:00,2887.89
2018-09-12 02:00:00,2888.92
2018-09-13 02:00:00,2904.18
2018-09-14 02:00:00,2904.98
2018-09-17 02:00:00,2888.8
2018-09-18 02:00:00,2904.31
2018-09-19 02:00:00,2907.95
2018-09-20 02:00:00,2930.75
2018-09-21 02:00:00,2929.67
2018-09-24 02:00:00,2919.37
2018-09-25 02:00:00,2915.56
2018-09-26 02:00:00,2905.97
2018-09-27 02:00:00,2914.0
2018-09-28 02:00:00,2913.98
2018-10-01 02:00:00,2924.59
2018-10-02 02:00:00,2923.43
2018-10-03 02:00:00,2925.51
2018-10-04 02:00:00,2901.61
2018-10-05 02:00:00,2885.57
2018-10-08 02:00:00,2884.43
2018-10-09 02:00:00,2880.34
2018-10-10 02:00:00,2785.68
2018-10-11 02:00:00,2728.37
2018-10-12 02:00:00,2767.13
2018-10-15 02:00:00,2750.79
2018-10-16 02:00:00,2809.92
2018-10-17 02:00:00,2809.21
2018-10-18 02:00:00,2768.78
2018-10-19 02:00:00,2767.78
2018-10-22 02:00:00,2755.88
2018-10-23 02:00:00,2740.69
2018-10-24 02:00:00,2656.1
2018-10-25 02:00:00,2705.57
2018-10-26 02:00:00,2658.69
2018-10-29 01:00:00,2641.25
2018-10-30 01:00:00,2682.63
2018-10-31 01:00:00,2711.74
2018-11-01 01:00:00,2740.37
2018-11-02 01:00:00,2723.06
2018-11-05 01:00:00,2738.31
2018-11-06 01:00:00,2755.45
2018-11-07 01:00:00,2813.89
2018-11-08 01:00:00,2806.83
2018-11-09 01:00:00,2781.01
2018-11-12 01:00:00,2726.22
2018-11-13 01:00:00,2722.18
2018-11-14 01:00:00,2701.58
2018-11-15 01:00:00,2730.2
2018-11-16 01:00:00,2736.27
2018-11-19 01:00:00,2690.73
2018-11-20 01:00:00,2641.89
2018-11-21 01:00:00,2649.93
2018-11-22 01:00:00,2649.93
2018-11-23 01:00:00,2632.56
2018-11-26 01:00:00,2673.45
2018-11-27 01:00:00,2682.17
2018-11-28 01:00:00,2743.79
2018-11-29 01:00:00,2737.76
2018-11-30 01:00:00,2760.17
2018-12-03 01:00:00,2790.37
2018-12-04 01:00:00,2700.06
2018-12-05 01:00:00,2700.06
2018-12-06 01:00:00,2695.95
2018-12-07 01:00:00,2633.08
2018-12-10 01:00:00,2637.72
2018-12-11 01:00:00,2636.78
2018-12-12 01:00:00,2651.07
2018-12-13 01:00:00,2650.54
2018-12-14 01:00:00,2599.95
2018-12-17 01:00:00,2545.94
2018-12-18 01:00:00,2546.16
2018-12-19 01:00:00,2506.96
2018-12-20 01:00:00,2467.42
2018-12-21 01:00:00,2416.62
2018-12-24 01:00:00,2351.1
2018-12-25 01:00:00,2351.1
2018-12-26 01:00:00,2467.7
2018-12-27 01:00:00,2488.83
2018-12-28 01:00:00,2485.74
2018-12-31 01:00:00,2506.85
2019-01-01 01:00:00,2506.85
2019-01-02 01:00:00,2510.03
2019-01-03 01:00:00,2447.89
2019-01-04 01:00:00,2531.94
2019-01-07 01:00:00,2549.69
2019-01-08 01:00:00,2574.41
2019-01-09 01:00:00,2584.96
2019-01-10 01:00:00,2596.64
2019-01-11 01:00:00,2596.26
2019-01-14 01:00:00,2582.61
2019-01-15 01:00:00,2610.3
2019-01-16 01:00:00,2616.1
2019-01-17 01:00:00,2635.96
2019-01-18 01:00:00,2670.71
2019-01-21 01:00:00,2670.71
2019-01-22 01:00:00,2632.9
2019-01-23 01:00:00,2638.7
2019-01-24 01:00:00,2642.33
2019-01-25 01:00:00,2664.76
2019-01-28 01:00:00,2643.85
2019-01-29 01:00:00,2640.0
2019-01-30 01:00:00,2681.05
2019-01-31 01:00:00,2704.1
2019-02-01 01:00:00,2706.53
2019-02-04 01:00:00,2724.87
2019-02-05 01:00:00,2737.7
2019-02-06 01:00:00,2731.61
2019-02-07 01:00:00,2706.05
2019-02-08 01:00:00,2707.88
2019-02-11 01:00:00,2709.8
2019-02-12 01:00:00,2744.73
2019-02-13 01:00:00,2753.03
2019-02-14 01:00:00,2745.73
2019-02-15 01:00:00,2775.6
2019-02-18 01:00:00,2775.6
2019-02-19 01:00:00,2779.76
2019-02-20 01:00:00,2784.7
2019-02-21 01:00:00,2774.88
2019-02-22 01:00:00,2792.67
2019-02-25 01:00:00,2796.11
2019-02-26 01:00:00,2793.9
2019-02-27 01:00:00,2792.38
2019-02-28 01:00:00,2784.49
2019-03-01 01:00:00,2803.69
2019-03-04 01:00:00,2792.81
2019-03-05 01:00:00,2789.65
2019-03-06 01:00:00,2771.45
2019-03-07 01:00:00,2748.93
2019-03-08 01:00:00,2743.07
2019-03-11 01:00:00,2783.3
2019-03-12 01:00:00,2791.52
2019-03-13 01:00:00,2810.92
2019-03-14 01:00:00,2808.48
2019-03-15 01:00:00,2822.48
2019-03-18 01:00:00,2832.94
2019-03-19 01:00:00,2832.57
2019-03-20 01:00:00,2824.23
2019-03-21 01:00:00,2854.88
2019-03-22 01:00:00,2800.71
2019-03-25 01:00:00,2798.36
2019-03-26 01:00:00,2818.46
2019-03-27 01:00:00,2805.37
2019-03-28 01:00:00,2815.44
2019-03-29 01:00:00,2834.4
2019-04-01 02:00:00,2867.19
2019-04-02 02:00:00,2867.24
2019-04-03 02:00:00,2873.4
2019-04-04 02:00:00,2879.39
2019-04-05 02:00:00,2892.74
2019-04-08 02:00:00,2895.77
2019-04-09 02:00:00,2878.2
2019-04-10 02:00:00,2888.21
2019-04-11 02:00:00,2888.32
2019-04-12 02:00:00,2907.41
2019-04-15 02:00:00,2905.58
2019-04-16 02:00:00,2907.06
2019-04-17 02:00:00,2900.45
2019-04-18 02:00:00,2905.03
2019-04-19 02:00:00,2905.03
2019-04-22 02:00:00,2907.97
2019-04-23 02:00:00,2933.68
2019-04-24 02:00:00,2927.25
2019-04-25 02:00:00,2926.17
2019-04-26 02:00:00,2939.88
2019-04-29 02:00:00,2943.03
2019-04-30 02:00:00,2945.83
2019-05-01 02:00:00,2923.73
2019-05-02 02:00:00,2917.52
2019-05-03 02:00:00,2945.64
2019-05-06 02:00:00,2932.47
2019-05-07 02:00:00,2884.05
2019-05-08 02:00:00,2879.42
2019-05-09 02:00:00,2870.72
2019-05-10 02:00:00,2881.4
2019-05-13 02:00:00,2811.87
2019-05-14 02:00:00,2834.41
2019-05-15 02:00:00,2850.96
2019-05-16 02:00:00,2876.32
2019-05-17 02:00:00,2859.53
2019-05-20 02:00:00,2840.23
2019-05-21 02:00:00,2864.36
2019-05-22 02:00:00,2856.27
2019-05-23 02:00:00,2822.24
2019-05-24 02:00:00,2826.06
2019-05-27 02:00:00,2826.06
2019-05-28 02:00:00,2802.39
2019-05-29 02:00:00,2783.02
2019-05-30 02:00:00,2788.86
2019-05-31 02:00:00,2752.06
2019-06-03 02:00:00,2744.45
2019-06-04 02:00:00,2803.27
2019-06-05 02:00:00,2826.15
2019-06-06 02:00:00,2843.49
2019-06-07 02:00:00,2873.34
2019-06-10 02:00:00,2886.73
2019-06-11 02:00:00,2885.72
2019-06-12 02:00:00,2879.84
2019-06-13 02:00:00,2891.64
2019-06-14 02:00:00,2886.98
2019-06-17 02:00:00,2889.67
2019-06-18 02:00:00,2917.75
2019-06-19 02:00:00,2926.46
2019-06-20 02:00:00,2954.18
2019-06-21 02:00:00,2950.46
2019-06-24 02:00:00,2945.35
2019-06-25 02:00:00,2917.38
2019-06-26 02:00:00,2913.78
2019-06-27 02:00:00,2924.92
2019-06-28 02:00:00,2941.76
2019-07-01 02:00:00,2964.33
2019-07-02 02:00:00,2973.01
2019-07-03 02:00:00,2995.82
2019-07-04 02:00:00,2995.82
2019-07-05 02:00:00,2990.41
2019-07-08 02:00:00,2975.95
2019-07-09 02:00:00,2979.63
2019-07-10 02:00:00,2993.07
2019-07-11 02:00:00,2999.91
2019-07-12 02:00:00,3013.77
2019-07-15 02:00:00,3014.3
2019-07-16 02:00:00,3004.04
2019-07-17 02:00:00,2984.42
2019-07-18 02:00:00,2995.11
2019-07-19 02:00:00,2976.61
2019-07-22 02:00:00,2985.03
2019-07-23 02:00:00,3005.47
2019-07-24 02:00:00,3019.56
2019-07-25 02:00:00,3003.67
2019-07-26 02:00:00,3025.86
2019-07-29 02:00:00,3020.97
2019-07-30 02:00:00,3013.18
2019-07-31 02:00:00,2980.38
2019-08-01 02:00:00,2953.56
2019-08-02 02:00:00,2932.05
2019-08-05 02:00:00,2844.74
2019-08-06 02:00:00,2881.77
2019-08-07 02:00:00,2883.98
2019-08-08 02:00:00,2938.09
2019-08-09 02:00:00,2918.65
2019-08-12 02:00:00,2883.75
2019-08-13 02:00:00,2926.32
2019-08-14 02:00:00,2840.6
2019-08-15 02:00:00,2847.6
2019-08-16 02:00:00,2888.68
2019-08-19 02:00:00,2923.65
2019-08-20 02:00:00,2900.51
2019-08-21 02:00:00,2924.43
2019-08-22 02:00:00,2922.95
2019-08-23 02:00:00,2847.11
2019-08-26 02:00:00,2878.38
2019-08-27 02:00:00,2869.16
2019-08-28 02:00:00,2887.94
2019-08-29 02:00:00,2924.58
2019-08-30 02:00:00,2926.46
2019-09-02 02:00:00,2926.46
2019-09-03 02:00:00,2906.27
2019-09-04 02:00:00,2937.78
2019-09-05 02:00:00,2976.0
2019-09-06 02:00:00,2978.71
2019-09-09 02:00:00,2978.43
2019-09-10 02:00:00,2979.39
2019-09-11 02:00:00,3000.93
2019-09-12 02:00:00,3009.57
2019-09-13 02:00:00,3007.39
2019-09-16 02:00:00,2997.96
2019-09-17 02:00:00,3005.7
2019-09-18 02:00:00,3006.73
2019-09-19 02:00:00,3006.79
2019-09-20 02:00:00,2992.07
2019-09-23 02:00:00,2991.78
2019-09-24 02:00:00,2966.6
2019-09-25 02:00:00,2984.87
2019-09-26 02:00:00,2977.62
2019-09-27 02:00:00,2961.79
2019-09-30 02:00:00,2976.74
2019-10-01 02:00:00,2940.25
2019-10-02 02:00:00,2887.61
2019-10-03 02:00:00,2910.63
2019-10-04 02:00:00,2952.01
2019-10-07 02:00:00,2938.79
2019-10-08 02:00:00,2893.06
2019-10-09 02:00:00,2919.4
2019-10-10 02:00:00,2938.13
2019-10-11 02:00:00,2970.27
2019-10-14 02:00:00,2966.15
2019-10-15 02:00:00,2995.68
2019-10-16 02:00:00,2989.69
2019-10-17 02:00:00,2997.95
2019-10-18 02:00:00,2986.2
2019-10-21 02:00:00,3006.72
2019-10-22 02:00:00,2995.99
2019-10-23 02:00:00,3004.52
2019-10-24 02:00:00,3010.29
2019-10-25 02:00:00,3022.55
2019-10-28 01:00:00,3039.42
2019-10-29 01:00:00,3036.89
2019-10-30 01:00:00,3046.77
2019-10-31 01:00:00,3037.56
2019-11-01 01:00:00,3066.91
2019-11-04 01:00:00,3078.27
2019-11-05 01:00:00,3074.62
2019-11-06 01:00:00,3076.78
2019-11-07 01:00:00,3085.18
2019-11-08 01:00:00,3093.08
2019-11-11 01:00:00,3087.01
2019-11-12 01:00:00,3091.84
2019-11-13 01:00:00,3094.04
2019-11-14 01:00:00,3096.63
2019-11-15 01:00:00,3120.46
2019-11-18 01:00:00,3122.03
2019-11-19 01:00:00,3120.18
2019-11-20 01:00:00,3108.46
2019-11-21 01:00:00,3103.54
2019-11-22 01:00:00,3110.29
2019-11-25 01:00:00,3133.64
2019-11-26 01:00:00,3140.52
2019-11-27 01:00:00,3153.63
2019-11-28 01:00:00,3153.63
2019-11-29 01:00:00,3140.98
2019-12-02 01:00:00,3113.87
2019-12-03 01:00:00,3093.2
2019-12-04 01:00:00,3112.76
2019-12-05 01:00:00,3117.43
2019-12-06 01:00:00,3145.91
2019-12-09 01:00:00,3135.96
2019-12-10 01:00:00,3132.52
2019-12-11 01:00:00,3141.63
2019-12-12 01:00:00,3168.57
2019-12-13 01:00:00,3168.8
2019-12-16 01:00:00,3191.45
2019-12-17 01:00:00,3192.52
2019-12-18 01:00:00,3191.14
2019-12-19 01:00:00,3205.37
2019-12-20 01:00:00,3221.22
2019-12-23 01:00:00,3224.01
2019-12-24 01:00:00,3223.38
2019-12-25 01:00:00,3223.38
2019-12-26 01:00:00,3239.91
2019-12-27 01:00:00,3240.02
2019-12-30 01:00:00,3221.29
2019-12-31 01:00:00,3230.78
2020-01-01 01:00:00,3230.78
2020-01-02 01:00:00,3257.85
2020-01-03 01:00:00,3234.85
2020-01-06 01:00:00,3246.28
2020-01-07 01:00:00,3237.18
2020-01-08 01:00:00,3253.05
2020-01-09 01:00:00,3274.7
2020-01-10 01:00:00,3265.35
2020-01-13 01:00:00,3288.13
2020-01-14 01:00:00,3283.15
2020-01-15 01:00:00,3289.29
2020-01-16 01:00:00,3316.81
2020-01-17 01:00:00,3329.62
2020-01-20 01:00:00,3329.62
2020-01-21 01:00:00,3320.79
2020-01-22 01:00:00,3321.75
2020-01-23 01:00:00,3325.54
2020-01-24 01:00:00,3295.47
2020-01-27 01:00:00,3243.63
2020-01-28 01:00:00,3276.24
2020-01-29 01:00:00,3273.4
2020-01-30 01:00:00,3283.66
2020-01-31 01:00:00,3225.52
2020-02-03 01:00:00,3248.92
2020-02-04 01:00:00,3297.59
2020-02-05 01:00:00,3334.69
2020-02-06 01:00:00,3345.78
2020-02-07 01:00:00,3327.71
2020-02-10 01:00:00,3352.09
2020-02-11 01:00:00,3357.75
2020-02-12 01:00:00,3379.45
2020-02-13 01:00:00,3373.94
2020-02-14 01:00:00,3380.16
2020-02-17 01:00:00,3380.16
2020-02-18 01:00:00,3370.29
2020-02-19 01:00:00,3386.15
2020-02-20 01:00:00,3373.23
2020-02-21 01:00:00,3337.75
2020-02-24 01:00:00,3225.89
2020-02-25 01:00:00,3128.21
2020-02-26 01:00:00,3116.39
2020-02-27 01:00:00,2978.76
2020-02-28 01:00:00,2954.22
2020-03-02 01:00:00,3090.23
2020-03-03 01:00:00,3003.37
2020-03-04 01:00:00,3130.12
2020-03-05 01:00:00,3023.94
2020-03-06 01:00:00,2972.37
2020-03-09 01:00:00,2746.56
2020-03-10 01:00:00,2882.23
2020-03-11 01:00:00,2741.38
2020-03-12 01:00:00,2480.64
2020-03-13 01:00:00,2711.02
2020-03-16 01:00:00,2386.13
2020-03-17 01:00:00,2529.19
2020-03-18 01:00:00,2398.1
2020-03-19 01:00:00,2409.39
2020-03-20 01:00:00,2304.92
2020-03-23 01:00:00,2237.4
2020-03-24 01:00:00,2447.33
2020-03-25 01:00:00,2475.56
2020-03-26 01:00:00,2630.07
2020-03-27 01:00:00,2541.47
2020-03-30 02:00:00,2626.65
2020-03-31 02:00:00,2584.59
2020-04-01 02:00:00,2470.5
2020-04-02 02:00:00,2526.9
2020-04-03 02:00:00,2488.65
2020-04-06 02:00:00,2663.68
2020-04-07 02:00:00,2659.41
2020-04-08 02:00:00,2749.98
2020-04-09 02:00:00,2789.82
2020-04-10 02:00:00,2789.82
2020-04-13 02:00:00,2761.63
2020-04-14 02:00:00,2846.06
2020-04-15 02:00:00,2783.36
2020-04-16 02:00:00,2799.55
2020-04-17 02:00:00,2874.56
2020-04-20 02:00:00,2823.16
2020-04-21 02:00:00,2736.56
2020-04-22 02:00:00,2799.31
2020-04-23 02:00:00,2797.8
2020-04-24 02:00:00,2836.74
2020-04-27 02:00:00,2878.48
2020-04-28 02:00:00,2863.39
2020-04-29 02:00:00,2939.51
2020-04-30 02:00:00,2912.43
2020-05-01 02:00:00,2830.71
2020-05-04 02:00:00,2842.74
2020-05-05 02:00:00,2868.44
2020-05-06 02:00:00,2848.42
2020-05-07 02:00:00,2881.19
2020-05-08 02:00:00,2929.8
2020-05-11 02:00:00,2930.32
2020-05-12 02:00:00,2870.12
2020-05-13 02:00:00,2820.0
2020-05-14 02:00:00,2852.5
2020-05-15 02:00:00,2863.7
2020-05-18 02:00:00,2953.91
2020-05-19 02:00:00,2922.94
2020-05-20 02:00:00,2971.61
2020-05-21 02:00:00,2948.51
2020-05-22 02:00:00,2955.45
2020-05-25 02:00:00,2955.45
2020-05-26 02:00:00,2991.77
2020-05-27 02:00:00,3036.13
2020-05-28 02:00:00,3029.73
2020-05-29 02:00:00,3044.31
2020-06-01 02:00:00,3055.73
2020-06-02 02:00:00,3080.82
2020-06-03 02:00:00,3122.87
2020-06-04 02:00:00,3112.35
2020-06-05 02:00:00,3193.93
2020-06-08 02:00:00,3232.39
2020-06-09 02:00:00,3207.18
2020-06-10 02:00:00,3190.14
2020-06-11 02:00:00,3002.1
2020-06-12 02:00:00,3041.31
2020-06-15 02:00:00,3066.59
2020-06-16 02:00:00,3124.74
2020-06-17 02:00:00,3113.49
2020-06-18 02:00:00,3115.34
2020-06-19 02:00:00,3097.74
2020-06-22 02:00:00,3117.86
2020-06-23 02:00:00,3131.29
2020-06-24 02:00:00,3050.33
2020-06-25 02:00:00,3083.76
2020-06-26 02:00:00,3009.05
2020-06-29 02:00:00,3053.24
2020-06-30 02:00:00,3100.29
2020-07-01 02:00:00,3115.86
2020-07-02 02:00:00,3130.01
2020-07-03 02:00:00,3130.01
2020-07-06 02:00:00,3179.72
2020-07-07 02:00:00,3145.32
2020-07-08 02:00:00,3169.94
2020-07-09 02:00:00,3152.05
2020-07-10 02:00:00,3185.04
2020-07-13 02:00:00,3155.22
2020-07-14 02:00:00,3197.52
2020-07-15 02:00:00,3226.56
2020-07-16 02:00:00,3215.57
2020-07-17 02:00:00,3224.73
2020-07-20 02:00:00,3251.84
2020-07-21 02:00:00,3257.3
2020-07-22 02:00:00,3276.02
2020-07-23 02:00:00,3235.66
2020-07-24 02:00:00,3215.63
2020-07-27 02:00:00,3239.41
2020-07-28 02:00:00,3218.44
2020-07-29 02:00:00,3258.44
2020-07-30 02:00:00,3246.22
2020-07-31 02:00:00,3271.12
2020-08-03 02:00:00,3294.61
2020-08-04 02:00:00,3306.51
2020-08-05 02:00:00,3327.77
2020-08-06 02:00:00,3349.16
2020-08-07 02:00:00,3351.28
2020-08-10 02:00:00,3360.47
2020-08-11 02:00:00,3333.69
2020-08-12 02:00:00,3380.35
2020-08-13 02:00:00,3373.43
2020-08-14 02:00:00,3372.85
2020-08-17 02:00:00,3381.99
2020-08-18 02:00:00,3389.78
2020-08-19 02:00:00,3374.85
2020-08-20 02:00:00,3385.51
2020-08-21 02:00:00,3397.16
2020-08-24 02:00:00,3431.28
2020-08-25 02:00:00,3443.62
2020-08-26 02:00:00,3478.73
2020-08-27 02:00:00,3484.55
2020-08-28 02:00:00,3508.01
2020-08-31 02:00:00,3500.31
2020-09-01 02:00:00,3526.65
2020-09-02 02:00:00,3580.84
2020-09-03 02:00:00,3455.06
2020-09-04 02:00:00,3426.96
2020-09-07 02:00:00,3426.96
2020-09-08 02:00:00,3331.84
2020-09-09 02:00:00,3398.96
2020-09-10 02:00:00,3339.19
2020-09-11 02:00:00,3340.97
2020-09-14 02:00:00,3383.54
2020-09-15 02:00:00,3401.2
2020-09-16 02:00:00,3385.49
2020-09-17 02:00:00,3357.01
2020-09-18 02:00:00,3319.47
2020-09-21 02:00:00,3281.06
2020-09-22 02:00:00,3315.57
2020-09-23 02:00:00,3236.92
2020-09-24 02:00:00,3246.59
2020-09-25 02:00:00,3298.46
2020-09-28 02:00:00,3351.6
2020-09-29 02:00:00,3335.47
2020-09-30 02:00:00,3363.0
2020-10-01 02:00:00,3380.8
2020-10-02 02:00:00,3348.44
2020-10-05 02:00:00,3408.63
2020-10-06 02:00:00,3360.95
2020-10-07 02:00:00,3419.45
2020-10-08 02:00:00,3446.83
2020-10-09 02:00:00,3477.13
2020-10-12 02:00:00,3534.22
2020-10-13 02:00:00,3511.93
2020-10-14 02:00:00,3488.67
2020-10-15 02:00:00,3483.34
2020-10-16 02:00:00,3483.81
2020-10-19 02:00:00,3426.92
2020-10-20 02:00:00,3443.12
2020-10-21 02:00:00,3435.56
2020-10-22 02:00:00,3453.49
2020-10-23 02:00:00,3465.39
2020-10-26 01:00:00,3400.97
2020-10-27 01:00:00,3390.68
2020-10-28 01:00:00,3271.03
2020-10-29 01:00:00,3310.11
2020-10-30 01:00:00,3269.96
2020-11-02 01:00:00,3310.24
2020-11-03 01:00:00,3369.16
2020-11-04 01:00:00,3443.44
2020-11-05 01:00:00,3510.45
2020-11-06 01:00:00,3509.44
2020-11-09 01:00:00,3550.5
2020-11-10 01:00:00,3545.53
2020-11-11 01:00:00,3572.66
2020-11-12 01:00:00,3537.01
2020-11-13 01:00:00,3585.15
2020-11-16 01:00:00,3626.91
2020-11-17 01:00:00,3609.53
2020-11-18 01:00:00,3567.79
2020-11-19 01:00:00,3581.87
2020-11-20 01:00:00,3557.54
2020-11-23 01:00:00,3577.59
2020-11-24 01:00:00,3635.41
2020-11-25 01:00:00,3629.65
2020-11-26 01:00:00,3629.65
2020-11-27 01:00:00,3638.35
2020-11-30 01:00:00,3621.63
2020-12-01 01:00:00,3662.45
2020-12-02 01:00:00,3669.01
2020-12-03 01:00:00,3666.72
2020-12-04 01:00:00,3699.12
2020-12-07 01:00:00,3691.96
2020-12-08 01:00:00,3702.25
2020-12-09 01:00:00,3672.82
2020-12-10 01:00:00,3668.1
2020-12-11 01:00:00,3663.46
2020-12-14 01:00:00,3647.49
2020-12-15 01:00:00,3694.62
2020-12-16 01:00:00,3701.17
2020-12-17 01:00:00,3722.48
2020-12-18 01:00:00,3709.41
2020-12-21 01:00:00,3694.92
2020-12-22 01:00:00,3687.26
2020-12-23 01:00:00,3690.01
2020-12-24 01:00:00,3703.06
2020-12-25 01:00:00,3703.06
2020-12-28 01:00:00,3735.36
2020-12-29 01:00:00,3727.04
2020-12-30 01:00:00,3732.04
2020-12-31 01:00:00,3756.07
2021-01-01 01:00:00,3756.07
2021-01-04 01:00:00,3700.65
2021-01-05 01:00:00,3726.86
2021-01-06 01:00:00,3748.14
2021-01-07 01:00:00,3803.79
2021-01-08 01:00:00,3824.68
2021-01-11 01:00:00,3799.61
2021-01-12 01:00:00,3801.19
2021-01-13 01:00:00,3809.84
2021-01-14 01:00:00,3795.54
2021-01-15 01:00:00,3768.25
2021-01-18 01:00:00,3768.25
2021-01-19 01:00:00,3798.91
2021-01-20 01:00:00,3851.85
2021-01-21 01:00:00,3853.07
2021-01-22 01:00:00,3841.47
2021-01-25 01:00:00,3855.36
2021-01-26 01:00:00,3849.62
2021-01-27 01:00:00,3750.77
2021-01-28 01:00:00,3787.38
2021-01-29 01:00:00,3714.24
2021-02-01 01:00:00,3773.86
2021-02-02 01:00:00,3826.31
2021-02-03 01:00:00,3830.17
2021-02-04 01:00:00,3871.74
2021-02-05 01:00:00,3886.83
2021-02-08 01:00:00,3915.59
2021-02-09 01:00:00,3911.23
2021-02-10 01:00:00,3909.88
2021-02-11 01:00:00,3916.38
2021-02-12 01:00:00,3934.83
2021-02-15 01:00:00,3934.83
2021-02-16 01:00:00,3932.59
2021-02-17 01:00:00,3931.33
2021-02-18 01:00:00,3913.97
2021-02-19 01:00:00,3906.71
2021-02-22 01:00:00,3876.5
2021-02-23 01:00:00,3881.37
2021-02-24 01:00:00,3925.43
2021-02-25 01:00:00,3829.34
2021-02-26 01:00:00,3811.15
2021-03-01 01:00:00,3901.82
2021-03-02 01:00:00,3870.29
2021-03-03 01:00:00,3819.72
2021-03-04 01:00:00,3768.47
2021-03-05 01:00:00,3841.94
2021-03-08 01:00:00,3821.35
2021-03-09 01:00:00,3875.44
2021-03-10 01:00:00,3898.81
2021-03-11 01:00:00,3939.34
2021-03-12 01:00:00,3943.34
2021-03-15 01:00:00,3968.94
2021-03-16 01:00:00,3962.71
2021-03-17 01:00:00,3974.12
2021-03-18 01:00:00,3915.46
2021-03-19 01:00:00,3913.1
2021-03-22 01:00:00,3940.59
2021-03-23 01:00:00,3910.52
2021-03-24 01:00:00,3889.14
2021-03-25 01:00:00,3909.52
2021-03-26 01:00:00,3974.54
2021-03-29 02:00:00,3971.09
2021-03-30 02:00:00,3958.55
2021-03-31 02:00:00,3972.89
2021-04-01 02:00:00,4019.87
2021-04-02 02:00:00,4019.87
2021-04-05 02:00:00,4077.91
2021-04-06 02:00:00,4073.94
2021-04-07 02:00:00,4079.95
2021-04-08 02:00:00,4097.17
2021-04-09 02:00:00,4128.8
2021-04-12 02:00:00,4127.99
2021-04-13 02:00:00,4141.59
2021-04-14 02:00:00,4124.66
2021-04-15 02:00:00,4170.42
2021-04-16 02:00:00,4185.47
2021-04-19 02:00:00,4163.26
2021-04-20 02:00:00,4134.94
2021-04-21 02:00:00,4173.42
2021-04-22 02:00:00,4134.98
2021-04-23 02:00:00,4180.17
2021-04-26 02:00:00,4187.62
2021-04-27 02:00:00,4186.72
2021-04-28 02:00:00,4183.18
2021-04-29 02:00:00,4211.47
2021-04-30 02:00:00,4181.17
2021-05-03 02:00:00,4192.66
2021-05-04 02:00:00,4164.66
2021-05-05 02:00:00,4167.59
2021-05-06 02:00:00,4201.62
2021-05-07 02:00:00,4232.6
2021-05-10 02:00:00,4188.43
2021-05-11 02:00:00,4152.1
2021-05-12 02:00:00,4063.04
2021-05-13 02:00:00,4112.5
2021-05-14 02:00:00,4173.85
2021-05-17 02:00:00,4163.29
2021-05-18 02:00:00,4127.83
2021-05-19 02:00:00,4115.68
2021-05-20 02:00:00,4159.12
2021-05-21 02:00:00,4155.86
2021-05-24 02:00:00,4197.05
2021-05-25 02:00:00,4188.13
2021-05-26 02:00:00,4195.99
2021-05-27 02:00:00,4200.88
2021-05-28 02:00:00,4204.11
2021-05-31 02:00:00,4204.11
2021-06-01 02:00:00,4202.04
2021-06-02 02:00:00,4208.12
2021-06-03 02:00:00,4192.85
2021-06-04 02:00:00,4229.89
2021-06-07 02:00:00,4226.52
2021-06-08 02:00:00,4227.26
2021-06-09 02:00:00,4219.55
2021-06-10 02:00:00,4239.18
2021-06-11 02:00:00,4247.44
2021-06-14 02:00:00,4255.15
2021-06-15 02:00:00,4246.59
2021-06-16 02:00:00,4223.7
2021-06-17 02:00:00,4221.86
2021-06-18 02:00:00,4166.45
2021-06-21 02:00:00,4224.79
2021-06-22 02:00:00,4246.44
2021-06-23 02:00:00,4241.84
2021-06-24 02:00:00,4266.49
2021-06-25 02:00:00,4280.7
2021-06-28 02:00:00,4290.61
2021-06-29 02:00:00,4291.8
2021-06-30 02:00:00,4297.5
2021-07-01 02:00:00,4319.94
2021-07-02 02:00:00,4352.34
2021-07-05 02:00:00,4352.34
2021-07-06 02:00:00,4343.54
2021-07-07 02:00:00,4358.13
2021-07-08 02:00:00,4320.82
2021-07-09 02:00:00,4369.55
2021-07-12 02:00:00,4384.63
2021-07-13 02:00:00,4369.21
2021-07-14 02:00:00,4374.3
2021-07-15 02:00:00,4360.03
2021-07-16 02:00:00,4327.16
2021-07-19 02:00:00,4258.49
2021-07-20 02:00:00,4323.06
2021-07-21 02:00:00,4358.69
2021-07-22 02:00:00,4367.48
2021-07-23 02:00:00,4411.79
2021-07-26 02:00:00,4422.3
2021-07-27 02:00:00,4401.46
2021-07-28 02:00:00,4400.64
2021-07-29 02:00:00,4419.15
2021-07-30 02:00:00,4395.26
2021-08-02 02:00:00,4387.16
2021-08-03 02:00:00,4423.15
2021-08-04 02:00:00,4402.66
2021-08-05 02:00:00,4429.1
2021-08-06 02:00:00,4436.52
2021-08-09 02:00:00,4432.35
2021-08-10 02:00:00,4436.75
2021-08-11 02:00:00,4447.7
2021-08-12 02:00:00,4460.83
2021-08-13 02:00:00,4468.0
2021-08-16 02:00:00,4479.71
2021-08-17 02:00:00,4448.08
2021-08-18 02:00:00,4400.27
2021-08-19 02:00:00,4405.8
2021-08-20 02:00:00,4441.67
2021-08-23 02:00:00,4479.53
2021-08-24 02:00:00,4486.23
2021-08-25 02:00:00,4496.19
2021-08-26 02:00:00,4470.0
2021-08-27 02:00:00,4509.37
2021-08-30 02:00:00,4528.79
2021-08-31 02:00:00,4522.68
2021-09-01 02:00:00,4524.09
2021-09-02 02:00:00,4536.95
2021-09-03 02:00:00,4535.43
2021-09-06 02:00:00,4535.43
2021-09-07 02:00:00,4520.03
2021-09-08 02:00:00,4514.07
2021-09-09 02:00:00,4493.28
2021-09-10 02:00:00,4458.58
2021-09-13 02:00:00,4468.73
2021-09-14 02:00:00,4443.05
2021-09-15 02:00:00,4480.7
2021-09-16 02:00:00,4473.75
2021-09-17 02:00:00,4432.99
2021-09-20 02:00:00,4357.73
2021-09-21 02:00:00,4354.19
2021-09-22 02:00:00,4395.64
2021-09-23 02:00:00,4448.98
2021-09-24 02:00:00,4455.48
2021-09-27 02:00:00,4443.11
2021-09-28 02:00:00,4352.63
2021-09-29 02:00:00,4359.46
2021-09-30 02:00:00,4307.54
2021-10-01 02:00:00,4357.04
2021-10-04 02:00:00,4300.46
2021-10-05 02:00:00,4345.72
2021-10-06 02:00:00,4363.55
2021-10-07 02:00:00,4399.76
2021-10-08 02:00:00,4391.34
2021-10-11 02:00:00,4361.19
2021-10-12 02:00:00,4350.65
2021-10-13 02:00:00,4363.8
2021-10-14 02:00:00,4438.26
2021-10-15 02:00:00,4471.37
2021-10-18 02:00:00,4486.46
2021-10-19 02:00:00,4519.63
2021-10-20 02:00:00,4536.19
2021-10-21 02:00:00,4549.78
2021-10-22 02:00:00,4544.9
2021-10-25 02:00:00,4566.48
2021-10-26 02:00:00,4574.79
2021-10-27 02:00:00,4551.68
2021-10-28 02:00:00,4596.42
2021-10-29 02:00:00,4605.38
2021-11-01 01:00:00,4613.67
2021-11-02 01:00:00,4630.65
2021-11-03 01:00:00,4660.57
2021-11-04 01:00:00,4680.06
2021-11-05 01:00:00,4697.53
2021-11-08 01:00:00,4701.7
2021-11-09 01:00:00,4685.25
2021-11-10 01:00:00,4646.71
2021-11-11 01:00:00,4649.27
2021-11-12 01:00:00,4682.85
2021-11-15 01:00:00,4682.8
2021-11-16 01:00:00,4700.9
2021-11-17 01:00:00,4688.67
2021-11-18 01:00:00,4704.54
2021-11-19 01:00:00,4697.96
2021-11-22 01:00:00,4682.94
2021-11-23 01:00:00,4690.7
2021-11-24 01:00:00,4701.46
2021-11-25 01:00:00,4701.46
2021-11-26 01:00:00,4594.62
2021-11-29 01:00:00,4655.27
2021-11-30 01:00:00,4567.0
2021-12-01 01:00:00,4513.04
2021-12-02 01:00:00,4577.1
2021-12-03 01:00:00,4538.43
2021-12-06 01:00:00,4591.67
2021-12-07 01:00:00,4686.75
2021-12-08 01:00:00,4701.21
2021-12-09 01:00:00,4667.45
2021-12-10 01:00:00,4712.02
2021-12-13 01:00:00,4668.97
2021-12-14 01:00:00,4634.09
2021-12-15 01:00:00,4709.85
2021-12-16 01:00:00,4668.67
2021-12-17 01:00:00,4620.64
2021-12-20 01:00:00,4568.02
2021-12-21 01:00:00,4649.23
2021-12-22 01:00:00,4696.56
2021-12-23 01:00:00,4725.79
2021-12-24 01:00:00,4725.79
2021-12-27 01:00:00,4791.19
2021-12-28 01:00:00,4786.35
2021-12-29 01:00:00,4793.06
2021-12-30 01:00:00,4778.73
2021-12-31 01:00:00,4766.18
2022-01-03 01:00:00,4796.56
2022-01-04 01:00:00,4793.54
2022-01-05 01:00:00,4700.58
2022-01-06 01:00:00,4696.05
2022-01-07 01:00:00,4677.03
2022-01-10 01:00:00,4670.29
2022-01-11 01:00:00,4713.07
2022-01-12 01:00:00,4726.35
2022-01-13 01:00:00,4659.03
2022-01-14 01:00:00,4662.85
2022-01-17 01:00:00,4662.85
2022-01-18 01:00:00,4577.11
2022-01-19 01:00:00,4532.76
2022-01-20 01:00:00,4482.73
2022-01-21 01:00:00,4397.94
2022-01-24 01:00:00,4410.13
2022-01-25 01:00:00,4356.45
2022-01-26 01:00:00,4349.93
2022-01-27 01:00:00,4326.51
2022-01-28 01:00:00,4431.85
2022-01-31 01:00:00,4515.55
2022-02-01 01:00:00,4546.54
2022-02-02 01:00:00,4589.38
2022-02-03 01:00:00,4477.44
2022-02-04 01:00:00,4500.53
2022-02-07 01:00:00,4483.87
2022-02-08 01:00:00,4521.54
2022-02-09 01:00:00,4587.18
2022-02-10 01:00:00,4504.08
2022-02-11 01:00:00,4418.64
2022-02-14 01:00:00,4401.67
2022-02-15 01:00:00,4471.07
2022-02-16 01:00:00,4475.01
2022-02-17 01:00:00,4380.26
2022-02-18 01:00:00,4348.87
2022-02-21 01:00:00,4348.87
2022-02-22 01:00:00,4304.76
2022-02-23 01:00:00,4225.5
2022-02-24 01:00:00,4288.7
2022-02-25 01:00:00,4384.65
2022-02-28 01:00:00,4373.94
2022-03-01 01:00:00,4306.26
2022-03-02 01:00:00,4386.54
2022-03-03 01:00:00,4363.49
2022-03-04 01:00:00,4328.87
2022-03-07 01:00:00,4201.09
2022-03-08 01:00:00,4170.7
2022-03-09 01:00:00,4277.88
2022-03-10 01:00:00,4259.52
2022-03-11 01:00:00,4204.31
2022-03-14 01:00:00,4173.11
2022-03-15 01:00:00,4262.45
2022-03-16 01:00:00,4357.86
2022-03-17 01:00:00,4411.67
2022-03-18 01:00:00,4463.12
2022-03-21 01:00:00,4461.18
2022-03-22 01:00:00,4511.61
2022-03-23 01:00:00,4456.24
2022-03-24 01:00:00,4520.16
2022-03-25 01:00:00,4543.06
2022-03-28 02:00:00,4575.52
2022-03-29 02:00:00,4631.6
2022-03-30 02:00:00,4602.45
2022-03-31 02:00:00,4530.41
2022-04-01 02:00:00,4545.86
2022-04-04 02:00:00,4582.64
2022-04-05 02:00:00,4525.12
2022-04-06 02:00:00,4481.15
2022-04-07 02:00:00,4500.21
2022-04-08 02:00:00,4488.28
2022-04-11 02:00:00,4412.53
2022-04-12 02:00:00,4397.45
2022-04-13 02:00:00,4446.59
2022-04-14 02:00:00,4392.59
2022-04-15 02:00:00,4392.59
2022-04-18 02:00:00,4391.69
2022-04-19 02:00:00,4462.21
2022-04-20 02:00:00,4459.45
2022-04-21 02:00:00,4393.66
2022-04-22 02:00:00,4271.78
2022-04-25 02:00:00,4296.12
2022-04-26 02:00:00,4175.2
2022-04-27 02:00:00,4183.96
2022-04-28 02:00:00,4287.5
2022-04-29 02:00:00,4131.93
2022-05-02 02:00:00,4155.38
2022-05-03 02:00:00,4175.48
2022-05-04 02:00:00,4300.17
2022-05-05 02:00:00,4146.87
2022-05-06 02:00:00,4123.34
2022-05-09 02:00:00,3991.24
2022-05-10 02:00:00,4001.05
2022-05-11 02:00:00,3935.18
2022-05-12 02:00:00,3930.08
2022-05-13 02:00:00,4023.89
2022-05-16 02:00:00,4008.01
2022-05-17 02:00:00,4088.85
2022-05-18 02:00:00,3923.68
2022-05-19 02:00:00,3900.79
2022-05-20 02:00:00,3901.36
2022-05-23 02:00:00,3973.75
2022-05-24 02:00:00,3941.48
2022-05-25 02:00:00,3978.73
2022-05-26 02:00:00,4057.84
2022-05-27 02:00:00,4158.24
2022-05-30 02:00:00,4158.24
2022-05-31 02:00:00,4132.15
2022-06-01 02:00:00,4101.23
2022-06-02 02:00:00,4176.82
2022-06-03 02:00:00,4108.54
2022-06-06 02:00:00,4121.43
2022-06-07 02:00:00,4160.68
2022-06-08 02:00:00,4115.77
2022-06-09 02:00:00,4017.82
2022-06-10 02:00:00,3900.86
2022-06-13 02:00:00,3749.63
2022-06-14 02:00:00,3735.48
2022-06-15 02:00:00,3789.99
2022-06-16 02:00:00,3666.77
2022-06-17 02:00:00,3674.84
2022-06-20 02:00:00,3674.84
2022-06-21 02:00:00,3764.79
2022-06-22 02:00:00,3759.89
2022-06-23 02:00:00,3795.73
2022-06-24 02:00:00,3911.74
2022-06-27 02:00:00,3900.11
2022-06-28 02:00:00,3821.55
2022-06-29 02:00:00,3818.83
2022-06-30 02:00:00,3785.38
2022-07-01 02:00:00,3825.33
2022-07-04 02:00:00,3825.33
2022-07-05 02:00:00,3831.39
2022-07-06 02:00:00,3845.08
2022-07-07 02:00:00,3902.62
2022-07-08 02:00:00,3899.38
2022-07-11 02:00:00,3854.43
2022-07-12 02:00:00,3818.8
2022-07-13 02:00:00,3801.78
2022-07-14 02:00:00,3790.38
2022-07-15 02:00:00,3863.16
2022-07-18 02:00:00,3830.85
2022-07-19 02:00:00,3936.69
2022-07-20 02:00:00,3959.9
2022-07-21 02:00:00,3998.95
2022-07-22 02:00:00,3961.63
2022-07-25 02:00:00,3966.84
2022-07-26 02:00:00,3921.05
2022-07-27 02:00:00,4023.61
2022-07-28 02:00:00,4072.43
2022-07-29 02:00:00,4130.29
2022-08-01 02:00:00,4118.63
2022-08-02 02:00:00,4091.19
2022-08-03 02:00:00,4155.17
2022-08-04 02:00:00,4151.94
